"6.110.789.454.141.150.000,00","9.136.885.255.245.450.000,00"
"4.306.222.145.186.610.000,00","4.796.595.639.521.620.000,00"
"1.441.904.310.833.840.000,00","10.914.301.080.630.500.000,00"
"4.741.567.993.645.180.000,00","6.069.055.424.805.510.000,00"
"4.189.415.089.733.860.000,00","4.926.248.098.339.760.000,00"
"3.332.187.513.011.710.000,00","6.773.164.787.385.320.000,00"
"1.834.127.435.708.220.000,00","12.073.803.679.105.600.000,00"
"4.349.375.191.974.030.000,00","5.327.880.698.634.420.000,00"
"520.070.754.525.009.000,00","8.578.669.528.959.810.000,00"
"4.358.248.490.263.100.000,00","8.379.896.342.659.040.000,00"
"3.613.804.254.528.870.000,00","7.301.541.175.420.900.000,00"
"3.276.419.033.743.100.000,00","5.463.273.398.932.160.000,00"
"3.094.899.360.218.800.000,00","5.988.761.001.010.930.000,00"
"2.794.738.786.613.870.000,00","10.238.145.781.809.500.000,00"
"6.461.990.103.817.910.000,00","6.279.129.908.834.110.000,00"
"2.176.417.554.638.870.000,00","9.907.582.330.017.260.000,00"
"4.474.981.773.693.790.000,00","7.679.203.810.914.060.000,00"
"1.910.902.621.295.630.000,00","8.997.814.395.801.410.000,00"
"-223.863.259.389.669.000,00","10.950.346.843.652.100.000,00"
"3.399.700.170.150.730.000,00","8.806.253.655.066.420.000,00"
"4.959.623.403.432.100.000,00","9.328.613.814.431.520.000,00"
"-395.900.164.374.022.000,00","9.907.604.358.546.240.000,00"
"3.963.870.445.580.840.000,00","11.506.439.031.362.200.000,00"
"2.422.428.590.609.120.000,00","11.296.679.180.868.000.000,00"
"3.729.308.564.158.440.000,00","3.439.398.480.010.850.000,00"
"6.850.796.851.994.530.000,00","5.726.224.630.794.920.000,00"
"1.232.040.701.017.840.000,00","6.670.974.057.260.120.000,00"
"767.953.145.951.324.000,00","7.328.830.508.702.960.000,00"
"9.089.832.515.905.060.000,00","7.314.388.018.866.920.000,00"
"2.830.015.081.984.560.000,00","5.669.163.870.507.110.000,00"
"5.089.730.084.464.100.000,00","4.722.521.496.229.790.000,00"
"5.043.693.237.137.460.000,00","4.660.174.388.434.820.000,00"
"3.190.898.984.776.150.000,00","3.372.093.219.851.370.000,00"
"3.821.482.925.261.440.000,00","6.910.566.477.322.290.000,00"
"2.623.797.452.994.610.000,00","11.765.226.083.767.700.000,00"
"4.376.083.839.095.240.000,00","5.793.228.568.514.150.000,00"
"3.877.395.043.525.420.000,00","7.767.908.332.703.600.000,00"
"2.484.316.272.626.070.000,00","6.483.167.614.570.390.000,00"
"2.275.745.561.492.350.000,00","2.873.157.672.100.070.000,00"
"-4.676.156.655.571.710.000,00","10.931.744.752.702.000.000,00"
"4.085.486.837.259.060.000,00","7.790.749.655.275.620.000,00"
"6.416.022.311.513.400.000,00","7.186.944.987.947.500.000,00"
"4.992.365.449.969.720.000,00","7.513.127.571.692.950.000,00"
"6.092.110.600.097.280.000,00","7.507.449.624.240.280.000,00"
"3.276.778.406.156.640.000,00","7.429.564.729.395.500.000,00"
"7.168.579.064.867.720.000,00","5.207.133.314.967.530.000,00"
"6.874.158.593.013.930.000,00","3.531.776.297.644.460.000,00"
"818.755.826.221.289.000,00","12.369.333.883.443.800.000,00"
"209.334.061.612.126.000,00","9.716.147.772.281.600.000,00"
"4.818.801.829.845.640.000,00","5.368.414.733.237.510.000,00"
"3.066.085.538.867.650.000,00","10.093.889.745.151.400.000,00"
"95.782.326.277.458.100,00","8.399.061.770.874.170.000,00"
"1.862.409.543.865.910.000,00","8.584.178.928.303.490.000,00"
"3.213.415.676.232.790.000,00","9.116.599.705.805.760.000,00"
"6.433.878.689.154.020.000,00","4.842.481.939.538.430.000,00"
"8.280.998.788.551.530.000,00","4.774.595.503.232.200.000,00"
"3.217.585.716.469.790.000,00","8.387.808.214.265.090.000,00"
"3.034.628.063.925.230.000,00","7.472.806.883.638.260.000,00"
"3.566.106.081.396.070.000,00","5.525.268.031.230.990.000,00"
"2.092.991.377.974.230.000,00","7.429.762.037.816.660.000,00"
"7.448.146.297.137.900.000,00","6.369.425.866.265.160.000,00"
"8.315.575.033.299.990.000,00","4.374.888.813.978.690.000,00"
"2.098.336.212.153.330.000,00","7.663.708.847.810.040.000,00"
"4.706.242.156.176.080.000,00","10.512.197.674.322.500.000,00"
"2.259.045.933.495.490.000,00","5.633.180.528.686.050.000,00"
"2.868.926.633.847.740.000,00","6.804.858.828.840.870.000,00"
"224.274.851.890.688.000,00","5.467.553.549.416.420.000,00"
"4.428.022.872.789.120.000,00","6.320.711.180.587.810.000,00"
"1.091.383.830.653.020.000,00","6.526.021.850.925.040.000,00"
"5.458.055.287.158.420.000,00","5.829.308.853.639.840.000,00"
"1.545.846.180.304.790.000,00","4.610.084.170.117.600.000,00"
"-791.063.251.666.620.000,00","9.890.659.351.324.220.000,00"
"3.936.696.423.052.070.000,00","2.162.437.467.944.920.000,00"
"3.236.412.169.543.530.000,00","7.491.408.479.892.390.000,00"
"6.451.598.598.399.710.000,00","6.025.921.250.120.290.000,00"
"3.165.420.114.166.270.000,00","10.051.514.939.693.300.000,00"
"2.953.516.259.866.420.000,00","7.294.602.425.429.200.000,00"
"7.110.438.185.552.210.000,00","5.569.498.173.843.240.000,00"
"366.482.023.975.088.000,00","3.249.357.079.268.060.000,00"
"7.173.156.483.189.320.000,00","6.781.161.304.074.780.000,00"
"3.510.570.923.116.460.000,00","11.140.403.839.315.300.000,00"
"4.737.271.224.607.190.000,00","10.514.801.141.070.500.000,00"
"3.045.344.538.370.990.000,00","11.626.708.489.620.400.000,00"
"4.742.758.658.026.260.000,00","4.345.824.918.843.190.000,00"
"3.875.863.529.880.370.000,00","2.435.488.025.271.480.000,00"
"6.459.656.301.736.510.000,00","3.201.861.019.675.260.000,00"
"1.364.402.877.902.490.000,00","8.505.234.876.009.840.000,00"
"6.604.159.446.845.820.000,00","2.508.839.192.332.000.000,00"
"-528.334.467.089.262.000,00","9.459.677.946.335.230.000,00"
"6.896.430.278.256.400.000,00","7.383.056.288.050.820.000,00"
"-455.651.435.161.954.000,00","11.422.697.664.680.400.000,00"
"685.105.805.883.804.000,00","8.446.988.638.401.140.000,00"
"5.766.539.887.671.560.000,00","6.535.350.024.272.640.000,00"
"1.192.209.573.803.260.000,00","10.909.852.421.394.000.000,00"
"7.008.887.337.545.890.000,00","7.973.650.687.063.590.000,00"
"2.296.427.030.936.440.000,00","4.071.093.233.438.280.000,00"
"6.196.054.824.101.310.000,00","7.318.473.896.475.480.000,00"
"923.070.205.397.231.000,00","8.407.820.228.945.730.000,00"
"631.706.021.114.634.000,00","8.302.447.674.986.840.000,00"
"3.542.562.799.646.420.000,00","4.609.307.964.234.010.000,00"
"4.962.597.196.375.690.000,00","5.695.098.139.877.350.000,00"
"7.611.206.217.618.210.000,00","5.367.417.391.355.220.000,00"
"3.817.747.406.632.750.000,00","8.912.956.586.956.990.000,00"
"4.328.085.147.842.870.000,00","2.924.298.957.443.860.000,00"
"619.427.123.438.649.000,00","6.309.649.804.572.280.000,00"
"1.478.763.947.891.370.000,00","6.154.042.993.708.050.000,00"
"3.456.272.739.033.560.000,00","3.373.921.597.334.420.000,00"
"5.304.264.149.497.550.000,00","3.747.534.807.864.800.000,00"
"4.167.965.042.688.740.000,00","7.106.131.053.583.210.000,00"
"1.125.660.335.195.360.000,00","6.888.309.143.263.360.000,00"
"1.019.227.803.525.040.000,00","8.962.670.555.924.300.000,00"
"7.374.247.235.275.070.000,00","3.173.550.386.437.440.000,00"
"2.899.748.955.974.570.000,00","8.905.383.877.196.380.000,00"
"3.519.880.702.529.320.000,00","3.915.001.087.366.470.000,00"
"2.729.327.944.619.440.000,00","11.310.826.888.355.700.000,00"
"2.130.812.261.469.440.000,00","9.825.755.386.836.860.000,00"
"5.861.101.133.794.390.000,00","3.115.775.062.326.880.000,00"
"808.546.250.665.971.000,00","10.174.399.567.672.500.000,00"
"2.244.619.579.012.670.000,00","9.661.870.439.384.150.000,00"
"3.503.865.082.397.800.000,00","4.892.987.491.398.790.000,00"
"4.842.435.843.647.850.000,00","5.487.167.359.098.750.000,00"
"7.513.827.684.545.700.000,00","3.977.063.237.877.630.000,00"
"-934.664.380.071.018.000,00","9.083.405.221.138.330.000,00"
"6.803.026.431.321.870.000,00","7.198.491.582.953.140.000,00"
"344.466.223.850.850.000,00","7.272.390.674.483.350.000,00"
"3.510.237.961.495.320.000,00","5.684.659.472.554.660.000,00"
"543.068.075.326.276.000,00","11.101.363.318.361.400.000,00"
"1.471.897.603.663.950.000,00","8.358.286.779.438.190.000,00"
"7.401.437.363.974.680.000,00","7.197.630.416.686.550.000,00"
"5.569.135.633.434.850.000,00","6.431.167.323.856.420.000,00"
"2.128.318.384.276.160.000,00","7.720.082.488.047.850.000,00"
"5.841.595.482.297.110.000,00","7.229.351.747.268.020.000,00"
"5.090.310.981.000.440.000,00","7.042.946.782.765.790.000,00"
"6.081.665.859.518.730.000,00","7.851.581.008.376.830.000,00"
"6.266.113.534.678.520.000,00","5.815.082.625.640.920.000,00"
"4.161.402.244.033.020.000,00","4.566.573.784.869.560.000,00"
"-803.397.052.305.538.000,00","7.899.026.907.042.490.000,00"
"2.197.577.275.073.420.000,00","9.346.579.392.209.320.000,00"
"6.216.581.360.200.180.000,00","8.061.481.955.362.650.000,00"
"368.130.611.519.519.000,00","5.745.537.331.268.440.000,00"
"2.106.832.926.368.830.000,00","10.514.080.547.610.800.000,00"
"7.916.135.210.205.030.000,00","6.562.348.556.324.730.000,00"
"4.132.626.579.445.110.000,00","4.783.054.690.320.220.000,00"
"722.873.966.790.102.000,00","8.166.472.422.429.680.000,00"
"4.321.390.184.549.340.000,00","10.664.028.867.550.600.000,00"
"966.968.503.326.955.000,00","6.675.241.258.216.980.000,00"
"1.491.187.641.884.420.000,00","10.504.983.019.592.500.000,00"
"2.856.064.517.090.000.000,00","10.491.006.318.699.200.000,00"
"202.379.469.320.732.000,00","6.605.565.404.936.320.000,00"
"6.561.033.215.687.120,00","8.053.016.478.131.100.000,00"
"-1.331.923.820.594.070.000,00","8.069.766.152.320.800.000,00"
"2.644.735.386.507.560.000,00","7.863.788.575.622.910.000,00"
"60.233.324.813.599.700,00","8.550.347.056.304.290.000,00"
"4.299.278.900.043.680.000,00","5.055.932.387.519.910.000,00"
"7.076.322.033.578.100.000,00","3.625.232.264.501.050.000,00"
"6.370.540.777.281.490.000,00","3.914.206.413.692.120.000,00"
"1.550.740.291.518.120.000,00","8.985.722.089.357.220.000,00"
"4.620.011.956.318.270.000,00","10.184.143.103.429.700.000,00"
"7.407.383.926.557.300.000,00","7.049.555.555.704.060.000,00"
"5.538.982.391.029.220.000,00","6.905.857.207.548.080.000,00"
"1.507.389.409.354.910.000,00","7.337.514.892.609.040.000,00"
"5.326.757.467.204.100.000,00","4.778.677.808.437.220.000,00"
"6.941.789.570.179.610.000,00","5.645.766.826.318.580.000,00"
"6.935.294.304.550.280.000,00","5.737.086.418.862.510.000,00"
"4.387.539.592.618.910.000,00","5.128.569.804.646.510.000,00"
"3.430.059.407.697.430.000,00","7.930.579.043.684.790.000,00"
"1.668.334.946.153.780.000,00","9.312.709.380.731.800.000,00"
"4.624.411.332.343.850.000,00","3.679.730.130.422.330.000,00"
"-1.065.995.718.221.000.000,00","9.327.364.246.251.160.000,00"
"-292.440.402.552.097.000,00","8.887.740.137.127.460.000,00"
"5.417.945.458.964.060.000,00","6.043.902.410.647.130.000,00"
"7.885.264.385.543.760.000,00","2.841.965.374.810.860.000,00"
"-1.449.958.036.418.300.000,00","9.243.247.273.485.340.000,00"
"5.896.201.334.049.940.000,00","8.159.711.703.839.230.000,00"
"5.011.377.511.030.130.000,00","8.854.864.323.572.460.000,00"
"3.546.108.753.151.570.000,00","6.836.010.957.774.650.000,00"
"2.199.474.200.847.170.000,00","8.205.485.945.302.370.000,00"
"2.739.160.145.650.910.000,00","5.562.295.051.664.450.000,00"
"-727.497.442.405.500.000,00","6.211.260.712.048.770.000,00"
"2.076.060.072.913.330.000,00","10.306.643.689.668.500.000,00"
"4.647.628.807.715.870.000,00","10.228.379.631.329.300.000,00"
"3.950.975.733.778.560.000,00","5.751.115.322.836.320.000,00"
"3.320.559.913.561.290.000,00","9.682.843.738.400.270.000,00"
"1.322.032.327.116.560.000,00","9.727.168.242.466.240.000,00"
"6.055.019.396.737.900.000,00","6.733.508.458.728.900.000,00"
"6.506.960.178.248.240.000,00","4.657.917.932.339.090.000,00"
"5.182.413.099.937.710.000,00","4.403.364.492.443.080.000,00"
"3.848.180.925.805.300.000,00","9.973.461.404.990.200.000,00"
"5.236.765.202.668.680.000,00","4.253.075.946.923.230.000,00"
"3.661.069.610.300.530.000,00","10.361.935.340.661.500.000,00"
"7.213.755.426.159.110.000,00","8.821.904.789.566.900.000,00"
"6.909.504.356.835.070.000,00","5.341.907.147.898.210.000,00"
"746.762.054.433.333.000,00","12.232.639.693.802.700.000,00"
"2.508.349.392.483.840.000,00","9.589.922.928.928.460.000,00"
"5.883.102.683.011.600.000,00","7.468.401.288.809.040.000,00"
"4.570.315.278.373.780.000,00","4.922.979.774.058.130.000,00"
"3.772.965.851.470.400.000,00","5.103.127.734.401.810.000,00"
"-1.557.359.594.048.130.000,00","9.250.333.953.554.540.000,00"
"4.390.644.044.321.770.000,00","8.834.905.788.910.010.000,00"
"3.977.492.566.804.190.000,00","8.940.321.351.641.940.000,00"
"3.365.681.388.226.780.000,00","4.086.400.424.715.310.000,00"
"7.128.317.912.876.920.000,00","5.574.717.420.840.770.000,00"
"2.872.156.534.594.740.000,00","9.523.462.097.598.910.000,00"
"5.540.343.077.608.150.000,00","5.489.576.412.304.200.000,00"
"3.588.078.264.563.770.000,00","4.156.597.499.197.820.000,00"
"2.505.936.966.362.400.000,00","4.597.835.655.825.820.000,00"
"6.138.514.741.255.040.000,00","3.093.082.824.634.690.000,00"
"4.810.000.958.767.560.000,00","8.109.107.681.027.910.000,00"
"4.425.325.143.803.210.000,00","7.122.872.002.421.910.000,00"
"2.895.735.185.363.050.000,00","9.450.565.277.998.920.000,00"
"4.684.667.637.512.610.000,00","9.620.065.270.504.210.000,00"
"5.456.340.151.951.890.000,00","6.877.924.807.995.630.000,00"
"3.409.463.356.047.430.000,00","6.903.569.015.255.380.000,00"
"5.422.668.582.739.370.000,00","7.948.378.933.735.430.000,00"
"4.044.214.251.276.080.000,00","6.548.238.744.638.620.000,00"
"5.887.164.588.166.430.000,00","6.109.979.054.255.890.000,00"
"4.036.729.376.359.930.000,00","9.333.996.558.471.330.000,00"
"4.325.248.298.282.870.000,00","7.662.618.821.573.570.000,00"
"3.080.332.449.235.940.000,00","10.173.819.410.427.400.000,00"
"7.429.666.739.770.120.000,00","8.683.454.863.644.780.000,00"
"3.903.133.002.873.460.000,00","4.512.367.329.421.930.000,00"
"4.402.620.037.661.520.000,00","4.920.320.993.218.330.000,00"
"4.673.955.523.336.260.000,00","5.287.097.189.635.210.000,00"
"2.719.955.100.786.740.000,00","5.963.799.374.746.010.000,00"
"4.023.783.554.790.200.000,00","6.643.495.910.553.620.000,00"
"830.873.743.573.668.000,00","11.778.608.440.643.200.000,00"
"5.798.577.636.368.060.000,00","6.820.728.630.548.190.000,00"
"4.563.553.314.668.990.000,00","5.095.803.388.685.430.000,00"
"3.523.020.789.636.140.000,00","11.087.119.860.217.100.000,00"
"-877.314.035.284.779.000,00","8.518.788.138.965.010.000,00"
"4.878.183.351.208.070.000,00","4.193.703.688.092.680.000,00"
"754.625.778.007.983.000,00","9.832.153.330.284.330.000,00"
"9.057.251.911.904.940.000,00","7.693.769.166.957.010.000,00"
"5.643.184.184.606.830.000,00","3.327.887.647.709.700.000,00"
"2.222.340.997.597.860.000,00","7.102.470.558.256.080.000,00"
"-858.430.421.212.426.000,00","7.521.401.181.405.980.000,00"
"5.973.786.230.462.520.000,00","6.551.793.583.077.500.000,00"
"784.891.954.513.300.000,00","7.717.969.236.430.410.000,00"
"9.243.416.156.408.930.000,00","4.985.457.811.136.110.000,00"
"-884.640.434.726.146.000,00","7.242.329.621.941.640.000,00"
"5.298.814.621.243.740.000,00","5.831.208.428.532.440.000,00"
"948.103.026.237.231.000,00","10.290.941.921.053.500.000,00"
"2.306.431.642.714.240.000,00","9.923.497.192.417.110.000,00"
"520.085.840.720.503.000,00","11.892.588.695.538.200.000,00"
"2.630.486.474.228.490.000,00","6.254.526.048.042.830.000,00"
"-453.029.965.233.469.000,00","7.223.480.540.722.370.000,00"
"499.091.142.473.047.000,00","11.229.843.152.027.800.000,00"
"2.064.285.916.123.470.000,00","9.861.032.024.259.840.000,00"
"-66.154.252.016.896.700,00","8.392.392.583.856.980.000,00"
"3.757.085.999.511.990.000,00","6.169.210.117.708.940.000,00"
"2.253.689.018.341.930.000,00","9.122.008.699.252.480.000,00"
"4.125.300.454.953.540.000,00","5.464.053.748.355.240.000,00"
"1.718.297.745.854.400.000,00","7.532.676.755.648.470.000,00"
"4.532.829.503.739.670.000,00","7.222.627.147.952.370.000,00"
"-411.378.082.998.155.000,00","12.020.595.720.238.900.000,00"
"5.305.817.098.853.310.000,00","2.224.935.863.360.940.000,00"
"7.062.968.631.231.290.000,00","6.989.753.812.285.920.000,00"
"2.172.972.607.523.390.000,00","8.036.495.533.035.560.000,00"
"5.338.746.102.022.140.000,00","5.332.059.345.615.190.000,00"
"-1.450.664.936.759.220.000,00","8.791.054.231.910.010.000,00"
"6.790.935.623.375.210.000,00","4.913.734.791.865.240.000,00"
"4.311.824.591.325.310.000,00","5.241.881.243.702.090.000,00"
"2.654.201.586.701.510.000,00","7.838.931.591.505.830.000,00"
"3.413.751.689.856.520.000,00","8.240.688.590.490.790.000,00"
"2.541.989.880.419.130.000,00","6.461.914.744.277.280.000,00"
"4.575.875.890.038.740.000,00","4.656.252.839.229.330.000,00"
"6.965.039.814.265.720.000,00","5.009.338.668.615.510.000,00"
"107.508.717.854.547.000,00","5.893.603.456.051.680.000,00"
"-100.396.231.940.802.000,00","9.209.625.212.760.090.000,00"
"3.071.115.265.164.000.000,00","6.392.796.324.350.530.000,00"
"4.608.037.768.921.790.000,00","5.411.909.297.693.130.000,00"
"4.344.263.293.322.790.000,00","5.465.772.872.572.520.000,00"
"4.006.016.503.226.750.000,00","10.422.980.386.751.300.000,00"
"4.601.969.688.528.980.000,00","10.014.483.953.267.400.000,00"
"7.629.377.381.621.820.000,00","5.294.890.254.183.590.000,00"
"2.945.550.541.372.630.000,00","6.705.795.057.104.270.000,00"
"5.232.727.439.195.990.000,00","6.556.392.229.390.500.000,00"
"6.663.900.521.207.240.000,00","7.003.173.821.468.310.000,00"
"598.601.398.162.038.000,00","6.317.807.937.117.260.000,00"
"-17.588.387.824.898.700,00","10.218.867.524.974.700.000,00"
"3.428.597.348.277.650.000,00","5.436.105.218.033.750.000,00"
"1.543.738.445.324.470.000,00","8.412.867.008.005.670.000,00"
"5.105.894.630.757.740.000,00","7.531.031.463.725.370.000,00"
"4.710.385.986.526.090.000,00","4.511.085.699.760.490.000,00"
"5.012.659.717.817.800.000,00","4.469.212.991.325.450.000,00"
"3.782.693.463.403.300.000,00","7.907.203.193.875.260.000,00"
"7.116.165.804.308.310.000,00","7.258.852.682.145.310.000,00"
"2.439.566.145.694.730.000,00","3.550.926.978.002.930.000,00"
"3.061.917.734.846.710.000,00","9.923.993.206.776.990.000,00"
"51.202.265.697.666.900,00","8.439.918.223.363.340.000,00"
"6.373.973.475.589.910.000,00","6.841.360.420.652.620.000,00"
"2.528.264.695.937.180.000,00","7.927.860.742.092.910.000,00"
"5.254.616.637.668.860.000,00","2.893.084.199.921.580.000,00"
"6.040.743.017.706.970.000,00","8.067.104.933.014.100.000,00"
"3.797.937.001.145.100.000,00","7.155.631.119.911.200.000,00"
"-171.369.839.429.913.000,00","14.221.036.338.122.000.000,00"
"5.127.329.175.141.060.000,00","8.966.073.967.649.250.000,00"
"3.892.751.550.866.780.000,00","3.738.027.629.700.320.000,00"
"3.966.584.608.490.870.000,00","10.957.941.541.288.700.000,00"
"4.173.051.454.274.930.000,00","9.161.025.674.164.010.000,00"
"2.693.069.220.219.470.000,00","9.881.571.621.859.860.000,00"
"952.833.906.686.491.000,00","6.825.236.218.766.540.000,00"
"1.749.698.807.083.730.000,00","9.024.308.485.884.970.000,00"
"2.497.810.180.680.870.000,00","10.638.922.296.068.700.000,00"
"4.691.267.469.239.780.000,00","12.399.102.741.231.600.000,00"
"1.783.338.215.422.050.000,00","9.824.633.687.060.680.000,00"
"2.194.676.878.900.780.000,00","4.709.118.717.167.590.000,00"
"5.646.741.483.679.030.000,00","4.932.193.887.803.430.000,00"
"1.979.204.899.853.460.000,00","9.693.082.052.896.450.000,00"
"5.693.735.928.134.500.000,00","5.813.207.741.694.740.000,00"
"3.535.279.847.762.910.000,00","4.702.310.477.652.740.000,00"
"9.404.192.264.795.190.000,00","5.905.832.000.471.180.000,00"
"6.173.694.684.780.450.000,00","8.997.596.015.325.780.000,00"
"1.695.937.111.479.350.000,00","8.129.362.619.770.900.000,00"
"3.567.117.874.252.920.000,00","8.352.032.355.178.430.000,00"
"241.708.056.130.920.000,00","11.227.464.206.011.800.000,00"
"2.157.708.450.733.390.000,00","6.970.275.432.811.180.000,00"
"1.005.497.922.478.610.000,00","11.069.760.250.168.800.000,00"
"669.972.292.097.504.000,00","6.494.068.541.924.380.000,00"
"252.278.013.430.529.000,00","8.272.674.416.490.000.000,00"
"763.982.087.681.606.000,00","10.179.200.482.088.200.000,00"
"5.522.445.209.711.110.000,00","5.097.014.107.587.650.000,00"
"5.532.852.425.324.200.000,00","6.071.980.065.926.580.000,00"
"2.645.178.463.489.690.000,00","9.831.678.913.683.840.000,00"
"1.835.005.338.025.650.000,00","8.563.141.933.031.540.000,00"
"1.405.895.081.434.050.000,00","10.534.816.722.531.100.000,00"
"341.732.443.327.731.000,00","8.432.670.333.909.150.000,00"
"2.016.594.409.955.010.000,00","6.565.932.101.201.940.000,00"
"1.784.579.815.921.530.000,00","9.611.936.523.509.940.000,00"
"7.106.731.949.531.270.000,00","4.233.771.582.017.050.000,00"
"3.373.400.546.770.010.000,00","6.421.928.171.599.950.000,00"
"1.128.160.318.892.030.000,00","3.390.294.334.365.300.000,00"
"1.924.251.892.486.310.000,00","8.403.430.581.301.270.000,00"
"6.623.608.171.119.650.000,00","7.297.790.024.429.680.000,00"
"-677.276.809.574.789.000,00","10.916.538.809.576.300.000,00"
"3.663.696.058.642.540.000,00","8.201.137.031.432.000.000,00"
"2.459.319.395.496.610.000,00","8.645.928.554.996.270.000,00"
"8.671.647.067.583.730.000,00","8.285.822.796.220.210.000,00"
"2.930.260.207.143.450.000,00","9.372.426.113.179.910.000,00"
"3.624.035.925.661.470.000,00","6.983.984.374.633.270.000,00"
"3.707.277.645.912.240.000,00","8.119.905.204.792.460.000,00"
"465.185.270.642.495.000,00","8.634.885.150.759.520.000,00"
"2.634.176.950.828.170.000,00","10.766.900.256.070.300.000,00"
"-413.450.816.552.786.000,00","11.776.851.525.114.400.000,00"
"2.942.062.047.188.070.000,00","8.687.329.356.250.940.000,00"
"-476.250.438.697.543.000,00","5.921.838.550.224.220.000,00"
"3.634.047.719.148.430.000,00","11.148.102.723.651.000.000,00"
"789.561.803.886.345.000,00","9.443.691.287.188.200.000,00"
"1.048.936.674.031.510.000,00","11.110.791.842.038.800.000,00"
"3.806.041.544.683.770.000,00","4.390.259.859.333.600.000,00"
"-498.711.201.275.800.000,00","11.003.808.883.613.800.000,00"
"5.740.584.104.794.340.000,00","6.390.235.111.016.170.000,00"
"1.673.262.572.707.950.000,00","7.998.989.930.065.640.000,00"
"3.580.388.340.448.900.000,00","5.487.804.024.603.460.000,00"
"6.246.063.352.492.640.000,00","5.643.684.630.158.250.000,00"
"6.063.784.137.994.220.000,00","9.313.644.640.371.720.000,00"
"1.619.314.344.682.140.000,00","11.569.993.861.412.000.000,00"
"2.270.542.810.717.950.000,00","3.676.441.691.889.820.000,00"
"2.145.027.012.258.530.000,00","7.398.840.664.250.230.000,00"
"2.567.808.314.268.780.000,00","10.257.330.410.625.100.000,00"
"5.597.207.251.961.890.000,00","6.600.533.393.027.400.000,00"
"2.317.902.146.111.430.000,00","7.523.035.754.383.510.000,00"
"8.960.200.861.703.340,00","9.734.747.816.321.340.000,00"
"6.656.005.315.074.810,00","9.050.255.561.621.440.000,00"
"2.477.283.177.929.430.000,00","5.628.574.274.330.570.000,00"
"2.419.101.978.565.060.000,00","7.329.747.121.001.710.000,00"
"2.908.106.509.578.130.000,00","10.018.035.285.751.500.000,00"
"2.395.512.842.721.150.000,00","5.663.255.296.511.200.000,00"
"1.589.084.804.257.080.000,00","11.138.033.266.699.500.000,00"
"2.239.058.894.653.200.000,00","9.630.252.954.666.950.000,00"
"5.630.472.707.140.510.000,00","8.587.021.566.244.570.000,00"
"877.241.089.439.082.000,00","11.511.457.631.378.300.000,00"
"520.392.201.956.161.000,00","8.088.113.730.056.950.000,00"
"3.459.686.160.568.860.000,00","7.069.617.647.828.100.000,00"
"3.218.961.098.850.070.000,00","6.769.497.499.005.310.000,00"
"-762.892.085.504.249.000,00","8.161.600.182.715.890.000,00"
"3.071.477.164.637.440.000,00","5.488.424.378.922.400.000,00"
"5.327.622.931.893.070.000,00","5.012.359.494.466.450.000,00"
"307.655.209.321.438.000,00","8.542.788.551.537.160.000,00"
"3.555.847.419.320.000.000,00","9.685.223.857.099.570.000,00"
"7.383.648.083.458.020.000,00","7.809.358.655.586.890.000,00"
"1.532.055.286.611.670.000,00","8.316.930.618.720.780.000,00"
"2.757.305.570.595.300.000,00","9.856.176.853.366.810.000,00"
"3.651.263.689.605.880.000,00","4.886.472.435.701.590.000,00"
"3.684.580.622.158.180.000,00","3.153.593.925.272.310.000,00"
"5.718.303.202.446.210.000,00","7.042.932.185.606.730.000,00"
"7.740.869.883.695.910.000,00","6.085.940.398.065.430.000,00"
"366.245.170.637.531.000,00","9.089.565.044.272.520.000,00"
"2.950.235.313.525.160.000,00","7.516.742.903.393.370.000,00"
"5.588.685.567.034.690.000,00","6.621.283.335.013.930.000,00"
"5.767.759.954.969.840.000,00","5.961.119.852.331.720.000,00"
"2.882.095.960.837.930.000,00","12.423.970.024.841.600.000,00"
"4.160.747.710.153.790.000,00","8.614.964.929.688.220.000,00"
"3.503.028.080.016.440.000,00","8.546.739.655.611.980.000,00"
"2.758.255.500.311.050.000,00","11.128.129.863.674.300.000,00"
"3.966.320.276.166.460.000,00","9.454.334.122.784.160.000,00"
"5.073.030.565.144.850.000,00","8.993.543.580.317.380.000,00"
"2.178.180.069.468.620.000,00","10.575.518.631.904.200.000,00"
"5.650.464.669.472.520.000,00","6.755.186.229.545.220.000,00"
"5.089.827.830.907.020.000,00","6.897.675.607.892.470.000,00"
"5.295.609.244.281.040.000,00","6.705.968.654.374.280.000,00"
"5.276.896.297.563.890.000,00","9.255.009.292.269.040.000,00"
"5.157.575.547.248.630.000,00","8.202.380.721.110.420.000,00"
"3.876.493.574.328.760.000,00","10.351.113.686.337.200.000,00"
"1.133.798.927.057.150.000,00","7.411.231.495.041.460.000,00"
"4.215.452.930.973.610.000,00","5.651.499.904.972.470.000,00"
"6.042.395.028.621.520.000,00","10.156.119.053.485.800.000,00"
"1.338.960.441.455.290.000,00","9.398.054.993.098.890.000,00"
"6.163.789.631.316.650.000,00","7.566.315.101.437.140.000,00"
"6.641.528.687.231.820.000,00","5.055.416.700.466.130.000,00"
"2.885.465.998.218.480.000,00","9.255.180.759.717.810.000,00"
"2.692.170.499.209.960.000,00","7.039.793.366.193.680.000,00"
"5.671.071.868.717.470.000,00","7.605.375.901.187.330.000,00"
"3.952.287.142.700.200.000,00","6.323.221.252.538.120.000,00"
"2.259.489.042.778.010.000,00","9.336.949.362.421.650.000,00"
"2.466.120.327.416.180.000,00","6.861.748.198.331.350.000,00"
"3.928.992.138.710.370.000,00","10.578.646.764.212.500.000,00"
"-1.517.830.403.640.850.000,00","10.788.545.653.931.500.000,00"
"1.440.927.497.824.410.000,00","8.736.449.537.853.430.000,00"
"2.888.400.094.957.420.000,00","9.209.621.638.366.520.000,00"
"2.991.018.697.870.740.000,00","4.395.332.942.126.940.000,00"
"2.982.743.356.524.870.000,00","6.987.009.648.234.820.000,00"
"3.945.791.793.537.530.000,00","11.598.398.553.242.000.000,00"
"3.528.261.485.908.790.000,00","5.955.481.869.576.300.000,00"
"4.078.722.499.515.730.000,00","9.062.269.892.047.960.000,00"
"5.244.962.853.121.200.000,00","1.397.164.274.049.450.000,00"
"1.689.377.063.789.730.000,00","5.876.602.717.587.250.000,00"
"-214.390.769.258.550.000,00","9.665.858.770.824.190.000,00"
"1.595.913.954.810.220.000,00","7.992.477.458.557.020.000,00"
"2.726.493.316.809.580.000,00","6.218.579.294.108.550.000,00"
"4.727.917.221.044.230.000,00","5.922.724.432.466.590.000,00"
"2.284.780.080.184.510.000,00","8.710.851.812.080.360.000,00"
"2.977.758.398.697.420.000,00","8.189.014.103.673.690.000,00"
"2.704.289.402.358.900.000,00","8.725.283.939.631.130.000,00"
"4.937.499.358.945.270.000,00","5.732.885.778.591.250.000,00"
"3.920.017.888.992.910.000,00","11.202.457.525.971.900.000,00"
"5.426.775.247.158.740.000,00","11.147.677.620.236.900.000,00"
"-413.715.909.805.973.000,00","8.022.190.402.145.360.000,00"
"6.642.059.169.656.540.000,00","5.250.169.540.580.910.000,00"
"2.412.708.356.535.560.000,00","4.721.367.786.196.330.000,00"
"5.708.565.107.746.300.000,00","3.670.183.555.488.070.000,00"
"-2.202.528.981.425.450.000,00","9.791.990.838.365.340.000,00"
"6.044.336.872.077.820.000,00","3.342.052.816.603.600.000,00"
"3.734.999.348.293.590.000,00","11.897.858.196.482.600.000,00"
"-153.343.227.837.241.000,00","7.971.397.855.291.160.000,00"
"6.710.034.004.887.950.000,00","2.974.528.940.475.680.000,00"
"5.627.294.703.695.460.000,00","7.498.252.568.119.340.000,00"
"1.409.313.195.481.670.000,00","10.440.284.723.422.300.000,00"
"3.337.574.208.713.760.000,00","7.573.295.618.731.420.000,00"
"3.788.010.484.580.280.000,00","9.323.590.544.513.590.000,00"
"7.107.532.694.387.810.000,00","5.941.728.780.223.080.000,00"
"5.530.261.819.979.840.000,00","10.559.206.801.680.300.000,00"
"1.306.986.798.865.340.000,00","8.625.502.570.496.960.000,00"
"3.631.207.776.501.250.000,00","7.024.536.589.408.820.000,00"
"1.420.137.429.061.190.000,00","10.368.097.150.532.300.000,00"
"3.305.342.168.766.640.000,00","12.590.431.614.922.100.000,00"
"5.518.005.611.821.720.000,00","6.675.748.655.328.280.000,00"
"673.392.965.537.162.000,00","8.634.539.513.479.210.000,00"
"5.904.133.632.005.310.000,00","9.044.671.247.402.630.000,00"
"4.805.884.499.423.480.000,00","7.937.849.375.031.940.000,00"
"1.797.758.964.119.110.000,00","5.833.897.902.493.330.000,00"
"4.608.505.620.104.310.000,00","9.185.781.775.419.360.000,00"
"2.226.607.386.607.380.000,00","7.911.379.119.893.360.000,00"
"4.534.922.210.602.520.000,00","9.620.885.814.700.840.000,00"
"8.967.184.177.324.920.000,00","4.090.394.377.855.020.000,00"
"2.810.081.291.627.820.000,00","10.185.469.103.466.100.000,00"
"7.758.702.445.773.200.000,00","6.457.814.562.638.910.000,00"
"5.900.923.958.320.860.000,00","5.883.645.037.449.470.000,00"
"1.723.230.369.326.950.000,00","11.359.051.214.855.700.000,00"
"6.171.307.068.585.410.000,00","7.483.776.651.066.780.000,00"
"1.999.052.810.307.310.000,00","4.570.048.820.541.970.000,00"
"5.303.702.673.744.540.000,00","3.923.960.784.656.400.000,00"
"-297.719.797.549.893.000,00","8.612.648.257.666.610.000,00"
"2.682.431.974.708.650.000,00","8.904.836.223.082.080.000,00"
"6.616.614.098.345.480.000,00","7.962.922.337.794.070.000,00"
"5.512.631.268.653.320.000,00","2.570.042.532.925.770.000,00"
"281.998.999.089.778.000,00","7.309.513.830.641.220.000,00"
"1.583.693.815.296.210.000,00","5.635.828.984.089.700.000,00"
"2.284.615.531.353.680.000,00","7.840.380.997.853.570.000,00"
"4.188.298.236.073.190.000,00","9.086.937.583.791.990.000,00"
"2.731.316.059.551.790.000,00","9.571.006.331.044.590.000,00"
"1.285.094.446.149.660.000,00","3.331.670.774.563.100.000,00"
"4.282.339.508.946.830.000,00","9.258.131.242.484.900.000,00"
"4.607.000.275.030.220.000,00","7.668.664.663.766.490.000,00"
"161.400.209.323.720.000,00","11.011.955.999.943.300.000,00"
"2.487.253.610.107.050.000,00","8.958.784.789.656.180.000,00"
"961.924.792.309.892.000,00","10.916.025.997.440.500.000,00"
"4.179.444.035.158.960.000,00","6.877.386.625.184.080.000,00"
"4.509.184.602.088.400.000,00","6.156.119.869.612.050.000,00"
"3.514.834.380.442.430.000,00","5.127.452.951.342.830.000,00"
"4.912.391.698.061.260.000,00","9.472.455.435.246.180.000,00"
"8.607.911.661.608.780.000,00","7.301.446.408.227.620.000,00"
"3.465.698.946.018.490.000,00","4.234.370.819.671.280.000,00"
"4.233.396.504.438.910.000,00","5.617.827.836.828.410.000,00"
"1.453.409.315.580.970.000,00","6.205.863.421.287.750.000,00"
"3.711.470.701.496.730.000,00","5.278.989.191.091.880.000,00"
"2.899.106.496.559.260.000,00","7.770.922.995.168.110.000,00"
"2.179.393.781.628.700.000,00","11.409.404.255.871.200.000,00"
"3.666.881.133.824.300.000,00","7.460.108.169.601.770.000,00"
"1.118.530.343.996.060.000,00","10.778.891.921.125.000.000,00"
"3.874.556.099.290.310.000,00","8.198.979.704.315.170.000,00"
"4.881.059.852.298.000.000,00","10.454.642.501.489.400.000,00"
"5.955.061.026.703.630.000,00","6.087.398.659.199.790.000,00"
"836.485.651.602.002.000,00","7.298.597.116.307.630.000,00"
"1.926.919.273.757.220.000,00","6.691.786.091.901.360.000,00"
"6.481.931.412.850.800.000,00","3.237.475.243.208.700.000,00"
"2.310.771.121.441.150.000,00","8.507.167.477.120.100.000,00"
"5.708.274.327.610.650.000,00","7.192.719.243.101.410.000,00"
"1.557.852.773.711.300.000,00","8.272.191.559.351.990.000,00"
"1.165.822.387.417.320.000,00","7.958.612.156.056.050.000,00"
"362.396.521.328.834.000,00","9.189.458.836.296.220.000,00"
"353.302.934.157.418.000,00","7.807.862.331.913.200.000,00"
"2.958.075.461.229.750.000,00","6.150.726.189.959.600.000,00"
"-1.355.900.047.450.400.000,00","9.756.935.392.101.980.000,00"
"5.280.263.643.931.680.000,00","3.851.941.357.050.860.000,00"
"3.531.793.139.271.250.000,00","8.931.475.140.528.010.000,00"
"7.690.404.294.216.650.000,00","3.936.978.825.918.280.000,00"
"5.323.188.658.971.350.000,00","6.511.547.772.818.800.000,00"
"-277.359.241.861.648.000,00","8.039.147.966.615.690.000,00"
"2.143.274.140.456.590.000,00","5.079.812.844.135.820.000,00"
"2.451.552.593.914.800.000,00","9.635.374.384.481.980.000,00"
"324.597.206.042.464.000,00","8.033.550.296.038.050.000,00"
"2.248.628.208.009.180.000,00","11.007.023.635.537.900.000,00"
"6.145.767.158.283.480.000,00","5.990.888.793.249.870.000,00"
"1.731.289.947.144.140.000,00","7.597.392.307.541.880.000,00"
"2.855.021.269.001.740.000,00","9.055.855.612.130.930.000,00"
"4.452.516.446.262.730.000,00","8.033.071.552.222.650.000,00"
"3.596.588.171.679.810.000,00","7.008.432.663.853.450.000,00"
"6.088.946.586.528.490.000,00","4.430.671.550.458.230.000,00"
"1.209.841.481.169.490.000,00","7.924.607.925.601.830.000,00"
"6.148.361.612.562.450.000,00","5.395.618.201.780.010.000,00"
"2.103.709.912.029.650.000,00","3.672.384.184.037.520.000,00"
"6.224.458.573.694.330.000,00","8.739.234.437.886.890.000,00"
"1.922.243.511.377.450.000,00","10.966.178.742.278.200.000,00"
"1.457.257.774.723.420.000,00","7.851.520.014.893.190.000,00"
"6.296.437.898.891.220.000,00","6.981.229.397.548.000.000,00"
"2.229.214.817.728.990.000,00","9.570.359.901.017.300.000,00"
"4.705.156.351.584.870.000,00","7.664.514.519.098.130.000,00"
"2.245.409.652.822.850.000,00","8.499.063.234.328.070.000,00"
"1.464.553.111.194.890.000,00","8.324.491.321.044.860.000,00"
"3.795.524.374.996.410.000,00","3.645.058.842.901.440.000,00"
"2.858.583.271.081.430.000,00","5.327.987.021.326.630.000,00"
"9.086.345.773.200.860.000,00","8.871.282.969.537.410.000,00"
"4.844.300.099.485.450.000,00","4.601.720.751.563.180.000,00"
"4.048.572.493.637.940.000,00","10.512.358.592.334.000.000,00"
"4.694.872.862.133.740.000,00","6.121.309.152.283.830.000,00"
"238.183.989.405.270.000,00","12.519.360.003.469.700.000,00"
"6.980.276.420.980.500.000,00","7.538.773.840.580.890.000,00"
"2.617.922.206.823.570.000,00","7.564.426.503.334.830.000,00"
"1.653.245.161.962.080.000,00","7.589.939.561.247.170.000,00"
"2.432.452.345.722.000.000,00","6.100.746.914.448.360.000,00"
"2.584.419.255.508.040.000,00","7.495.249.186.527.210.000,00"
"1.820.433.852.010.270.000,00","9.584.500.867.486.480.000,00"
"-1.205.461.592.453.970.000,00","6.603.754.296.007.820.000,00"
"5.479.009.368.049.230.000,00","6.742.979.716.243.340.000,00"
"5.815.383.084.807.940.000,00","8.297.135.122.365.930.000,00"
"4.419.507.361.193.850.000,00","5.687.574.504.340.400.000,00"
"5.478.225.981.172.050.000,00","3.845.159.687.649.720.000,00"
"4.468.047.412.474.890.000,00","6.502.587.270.945.660.000,00"
"3.127.129.364.706.620.000,00","7.260.794.440.883.230.000,00"
"3.495.681.664.799.120.000,00","7.972.124.982.067.500.000,00"
"4.942.766.463.195.660.000,00","10.621.080.701.268.200.000,00"
"4.731.257.215.121.100.000,00","7.204.961.082.328.240.000,00"
"3.471.706.332.612.680.000,00","7.708.176.366.668.540.000,00"
"2.416.947.586.097.930.000,00","12.526.898.210.000.200.000,00"
"5.612.238.723.012.240.000,00","6.207.667.593.173.220.000,00"
"5.760.081.118.121.830.000,00","4.149.363.723.133.590.000,00"
"2.967.719.937.144.860.000,00","8.821.057.531.224.210.000,00"
"863.868.109.275.105.000,00","9.827.620.251.800.530.000,00"
"4.816.830.143.896.190.000,00","5.980.624.101.711.020.000,00"
"1.085.764.870.968.310.000,00","7.517.862.336.113.200.000,00"
"-1.250.995.288.806.330.000,00","11.024.073.631.145.400.000,00"
"1.687.455.741.939.750.000,00","11.835.166.510.449.800.000,00"
"3.202.845.206.564.230.000,00","8.727.978.436.216.800.000,00"
"5.607.043.144.429.930.000,00","8.246.583.215.019.150.000,00"
"-778.002.131.563.622.000,00","8.762.987.730.801.950.000,00"
"1.225.241.861.327.760.000,00","9.045.074.768.939.560.000,00"
"5.820.883.897.384.360.000,00","5.230.645.028.518.820.000,00"
"6.432.870.446.977.480.000,00","6.138.329.095.381.080.000,00"
"2.861.030.909.701.630.000,00","4.866.845.746.973.030.000,00"
"2.177.002.699.122.470.000,00","8.086.453.569.530.590.000,00"
"6.429.729.509.605.770.000,00","6.921.075.915.641.700.000,00"
"3.519.158.716.113.840.000,00","2.799.747.162.431.670.000,00"
"5.293.964.897.034.010.000,00","4.190.838.559.456.200.000,00"
"3.201.384.943.044.780.000,00","7.311.581.344.145.620.000,00"
"1.139.013.498.733.410.000,00","12.656.465.350.684.200.000,00"
"6.631.240.985.299.980.000,00","5.026.748.044.414.410.000,00"
"2.199.997.457.101.380.000,00","8.263.731.756.474.180.000,00"
"3.165.721.767.344.960.000,00","9.250.716.684.091.770.000,00"
"8.112.382.164.385.330.000,00","3.602.952.835.616.610.000,00"
"8.047.771.055.188.670.000,00","7.068.101.519.164.630.000,00"
"1.018.683.000.074.360.000,00","8.427.545.238.007.520.000,00"
"6.645.030.411.893.190.000,00","5.498.828.628.126.550.000,00"
"5.623.522.776.482.620.000,00","4.419.774.713.855.540.000,00"
"4.949.656.572.936.130.000,00","3.836.117.979.775.000.000,00"
"440.058.500.758.620.000,00","6.882.829.291.633.640.000,00"
"557.393.275.393.452.000,00","4.903.758.820.302.900.000,00"
"4.357.497.507.845.470.000,00","5.598.240.996.472.720.000,00"
"1.802.355.109.542.050.000,00","8.224.617.202.818.550.000,00"
"2.777.087.987.387.140.000,00","10.646.914.701.508.100.000,00"
"7.679.513.062.167.120.000,00","5.146.550.262.047.570.000,00"
"4.750.079.499.090.330.000,00","8.511.274.662.947.310.000,00"
"5.536.865.927.958.740.000,00","5.474.836.310.710.080.000,00"
"4.444.870.285.045.790.000,00","5.052.327.231.366.130.000,00"
"4.919.707.550.659.790.000,00","4.247.237.423.961.420.000,00"
"3.137.588.162.746.230.000,00","3.021.151.185.384.350.000,00"
"-658.543.992.254.853.000,00","9.512.566.477.632.780.000,00"
"9.271.256.549.634.580.000,00","7.505.468.508.563.470.000,00"
"4.854.718.640.745.530.000,00","4.611.935.064.577.910.000,00"
"3.209.454.455.855.830.000,00","4.801.086.511.790.880.000,00"
"1.050.301.873.059.480.000,00","8.700.704.858.362.400.000,00"
"4.364.199.371.874.000.000,00","10.382.355.205.506.100.000,00"
"3.427.060.732.004.530.000,00","12.676.402.873.208.900.000,00"
"5.502.930.196.997.960.000,00","6.923.923.493.651.330.000,00"
"4.116.688.683.338.060.000,00","7.927.194.428.808.940.000,00"
"1.206.170.587.090.140.000,00","8.381.094.547.600.660.000,00"
"2.401.500.509.997.090.000,00","8.654.270.854.724.330.000,00"
"1.868.947.459.786.680.000,00","9.722.923.117.749.170.000,00"
"6.241.285.107.105.350.000,00","6.652.435.565.292.490.000,00"
"3.808.095.128.268.700.000,00","8.730.704.903.982.270.000,00"
"6.244.887.486.467.500.000,00","6.890.348.937.243.280.000,00"
"3.398.716.011.224.140.000,00","6.030.501.679.184.320.000,00"
"3.658.984.900.247.230.000,00","6.117.247.019.496.270.000,00"
"3.068.404.264.899.310.000,00","9.783.212.773.226.510.000,00"
"4.739.837.020.874.560.000,00","8.605.872.301.649.360.000,00"
"6.542.929.424.777.350.000,00","4.583.421.158.877.820.000,00"
"2.074.025.430.134.250.000,00","8.971.613.310.658.520.000,00"
"3.263.199.236.168.530.000,00","10.157.625.081.216.400.000,00"
"3.014.636.938.069.530.000,00","5.291.224.589.624.370.000,00"
"5.079.436.991.148.910.000,00","9.425.504.115.857.230.000,00"
"2.416.646.743.556.360.000,00","4.124.075.353.711.910.000,00"
"1.741.693.558.312.660.000,00","10.807.027.365.346.700.000,00"
"6.024.177.113.626.930.000,00","5.031.253.561.266.260.000,00"
"4.734.168.196.498.560.000,00","2.956.766.648.286.930.000,00"
"4.572.953.141.946.260.000,00","7.103.237.491.938.170.000,00"
"1.971.424.955.990.420.000,00","5.180.628.707.662.910.000,00"
"6.395.340.613.418.910.000,00","6.862.475.110.150.750.000,00"
"4.015.659.774.236.690.000,00","6.489.057.426.975.400.000,00"
"2.050.680.488.187.190.000,00","3.504.359.555.325.630.000,00"
"2.327.680.375.824.410.000,00","6.428.718.732.125.670.000,00"
"5.804.839.150.690.600.000,00","5.089.107.702.853.750.000,00"
"431.043.940.576.427.000,00","7.213.440.057.765.190.000,00"
"3.012.219.695.359.310.000,00","9.183.399.029.341.820.000,00"
"116.532.790.009.806.000,00","10.239.627.947.772.000.000,00"
"805.137.432.467.207.000,00","9.481.261.408.188.880.000,00"
"1.674.058.168.424.980.000,00","7.464.249.454.482.060.000,00"
"5.141.969.116.328.540.000,00","11.898.687.562.120.000.000,00"
"4.248.656.293.380.080.000,00","2.826.353.591.446.910.000,00"
"3.961.590.798.540.020.000,00","8.951.164.264.460.710.000,00"
"1.776.307.404.096.290.000,00","10.808.809.283.301.600.000,00"
"6.493.471.735.057.360.000,00","4.372.876.308.623.190.000,00"
"-600.249.224.195.387.000,00","9.069.636.035.396.070.000,00"
"8.007.955.209.902.730.000,00","5.187.516.591.964.960.000,00"
"7.136.448.668.777.250.000,00","5.134.430.195.361.280.000,00"
"-18.474.561.476.844.400,00","8.463.017.383.986.740.000,00"
"4.070.748.012.018.070.000,00","6.614.499.145.719.590.000,00"
"6.409.029.205.178.700.000,00","5.495.913.494.779.810.000,00"
"5.877.590.037.969.390.000,00","7.886.429.840.619.010.000,00"
"5.432.448.286.341.020.000,00","4.619.401.117.931.070.000,00"
"1.518.247.386.614.670.000,00","8.370.603.184.536.000.000,00"
"2.489.647.095.311.400.000,00","7.945.077.504.945.100.000,00"
"6.240.824.732.471.090.000,00","5.138.748.899.356.860.000,00"
"5.436.195.478.413.240.000,00","8.132.161.895.653.870.000,00"
"7.084.634.457.678.110.000,00","6.626.612.559.047.600.000,00"
"3.764.994.875.335.640.000,00","11.283.606.649.595.600.000,00"
"1.950.686.712.154.170.000,00","7.664.958.249.507.070.000,00"
"4.473.657.393.271.990.000,00","12.962.540.553.302.900.000,00"
"3.882.422.823.228.340.000,00","9.543.541.964.422.940.000,00"
"5.820.435.968.972.310.000,00","6.724.447.698.315.540.000,00"
"3.497.835.284.686.720.000,00","5.207.842.984.888.700.000,00"
"6.787.804.765.932.320.000,00","5.767.159.304.032.160.000,00"
"-1.674.889.394.708.690.000,00","7.801.066.420.636.590.000,00"
"2.511.485.400.458.860.000,00","7.759.348.983.718.390.000,00"
"-380.675.438.673.870.000,00","9.243.973.619.455.210.000,00"
"6.985.243.368.224.260.000,00","6.429.417.233.156.950.000,00"
"-22.022.983.396.384.900,00","7.845.586.210.956.950.000,00"
"4.801.305.671.061.560.000,00","5.554.562.079.109.390.000,00"
"774.131.849.274.138.000,00","8.528.680.273.239.870.000,00"
"-1.967.782.973.543.090.000,00","10.027.076.096.554.700.000,00"
"2.697.814.688.705.210.000,00","10.162.301.619.753.100.000,00"
"3.881.189.599.777.480.000,00","9.688.470.443.351.940.000,00"
"5.524.771.335.332.760.000,00","4.441.261.369.797.080.000,00"
"7.128.599.032.530.520.000,00","9.042.077.395.224.110.000,00"
"-133.205.042.755.420.000,00","9.615.278.039.930.380.000,00"
"7.069.259.906.210.140.000,00","5.701.370.242.272.520.000,00"
"8.590.961.868.146.430.000,00","7.150.056.207.451.530.000,00"
"3.931.820.767.791.530.000,00","7.802.154.845.232.480.000,00"
"6.893.267.990.561.020.000,00","4.567.050.986.188.220.000,00"
"5.632.775.976.931.750.000,00","6.756.078.627.376.090.000,00"
"2.156.150.599.621.320.000,00","6.374.892.031.219.100.000,00"
"3.716.200.012.819.800.000,00","9.840.359.549.136.980.000,00"
"5.755.162.356.878.960.000,00","4.905.635.028.622.670.000,00"
"4.016.974.966.479.750.000,00","9.771.745.266.717.300.000,00"
"1.681.591.615.629.520.000,00","8.480.314.059.918.840.000,00"
"2.059.773.032.352.050.000,00","9.567.048.951.681.090.000,00"
"2.484.463.788.364.250.000,00","4.031.023.630.065.080.000,00"
"174.498.660.682.876.000,00","11.695.320.735.763.700.000,00"
"4.645.022.379.271.410.000,00","9.346.306.366.557.160.000,00"
"4.102.464.350.057.480.000,00","3.115.399.458.110.920.000,00"
"1.515.982.591.369.890.000,00","7.845.245.828.537.980.000,00"
"1.160.727.681.668.330.000,00","8.001.372.755.084.290.000,00"
"1.526.141.041.379.730.000,00","6.621.153.831.214.690.000,00"
"4.510.796.070.147.690.000,00","6.682.338.111.983.020.000,00"
"5.642.708.927.837.260.000,00","6.947.892.291.497.820.000,00"
"3.575.124.606.392.470.000,00","4.648.043.063.960.670.000,00"
"4.757.734.443.503.690.000,00","4.807.629.679.767.750.000,00"
"4.720.390.329.958.350.000,00","9.893.294.533.975.900.000,00"
"899.901.244.140.712.000,00","12.399.379.382.772.400.000,00"
"1.330.477.244.678.010.000,00","10.523.096.675.816.100.000,00"
"626.300.768.080.380.000,00","7.191.683.337.062.340.000,00"
"5.887.890.326.756.480.000,00","4.532.422.786.499.500.000,00"
"4.523.189.333.752.550.000,00","7.489.916.664.975.790.000,00"
"2.312.458.071.608.380.000,00","6.178.265.662.270.580.000,00"
"5.794.856.099.852.780.000,00","4.444.564.605.058.090.000,00"
"2.046.895.694.102.090.000,00","9.414.723.282.842.820.000,00"
"1.491.003.874.480.470.000,00","8.396.979.143.632.240.000,00"
"1.725.791.783.679.180.000,00","8.893.896.286.189.020.000,00"
"1.386.187.559.697.390.000,00","6.262.154.779.528.640.000,00"
"2.021.053.177.128.600.000,00","8.394.254.141.233.430.000,00"
"5.633.793.755.915.580.000,00","4.792.399.271.088.740.000,00"
"279.842.784.910.292.000,00","7.903.634.266.054.970.000,00"
"5.266.799.014.930.820.000,00","6.886.965.362.596.920.000,00"
"4.188.117.484.829.920.000,00","7.183.457.854.159.960.000,00"
"3.354.624.987.188.540.000,00","9.007.505.888.976.650.000,00"
"6.583.418.285.709.410.000,00","7.284.164.928.907.040.000,00"
"3.173.938.305.355.020.000,00","9.753.846.877.273.830.000,00"
"285.966.479.653.295.000,00","11.698.589.227.418.400.000,00"
"-952.519.044.438.732.000,00","10.108.366.953.410.300.000,00"
"2.377.432.702.095.680.000,00","8.491.091.785.305.160.000,00"
"4.223.840.609.203.890.000,00","8.199.329.749.766.470.000,00"
"5.711.276.001.782.530.000,00","5.526.187.982.590.350.000,00"
"-2.475.879.600.499.100.000,00","7.819.505.106.714.190.000,00"
"2.072.016.705.963.740.000,00","10.921.907.018.144.100.000,00"
"5.703.777.669.340.720.000,00","5.942.791.812.527.740.000,00"
"1.369.713.730.756.810.000,00","8.483.533.368.216.620.000,00"
"5.966.309.466.274.320.000,00","4.549.851.902.574.900.000,00"
"1.640.870.002.865.970.000,00","9.024.894.283.603.840.000,00"
"630.850.395.746.859.000,00","10.471.824.417.910.000.000,00"
"4.211.948.793.449.870.000,00","9.686.175.290.183.330.000,00"
"9.599.152.496.794.320.000,00","8.641.966.695.962.010.000,00"
"5.187.687.164.825.550.000,00","4.205.667.721.622.340.000,00"
"4.909.792.836.058.780.000,00","7.812.740.805.200.300.000,00"
"3.748.097.635.701.030.000,00","8.549.208.274.858.080.000,00"
"4.161.809.881.157.630.000,00","7.568.440.013.847.700.000,00"
"5.926.357.759.811.090.000,00","4.608.154.116.736.190.000,00"
"8.258.952.931.003.060.000,00","5.438.838.615.697.300.000,00"
"2.485.555.121.121.700.000,00","10.242.236.889.014.700.000,00"
"6.025.136.501.849.840.000,00","6.997.041.777.413.280.000,00"
"5.666.981.024.342.420.000,00","4.350.871.660.677.060.000,00"
"2.889.388.303.243.270.000,00","3.930.158.568.914.970.000,00"
"10.335.045.937.325.300.000,00","7.983.074.067.140.700.000,00"
"3.997.431.873.965.270.000,00","7.727.118.589.101.140.000,00"
"2.192.249.970.692.240.000,00","12.649.812.277.708.100.000,00"
"5.750.332.991.912.490.000,00","1.858.742.658.465.380.000,00"
"3.402.091.522.871.890.000,00","9.475.401.098.915.630.000,00"
"2.341.272.185.825.710.000,00","11.070.794.541.413.000.000,00"
"5.552.728.278.554.290.000,00","6.501.541.108.125.460.000,00"
"5.659.134.398.484.760.000,00","4.697.485.564.743.740.000,00"
"3.651.597.854.629.020.000,00","5.877.119.579.703.030.000,00"
"5.242.842.708.445.930.000,00","6.955.753.646.422.310.000,00"
"6.230.417.851.223.460.000,00","5.075.475.284.957.770.000,00"
"6.802.210.567.992.540.000,00","5.548.295.399.223.360.000,00"
"2.940.109.232.226.860.000,00","5.685.532.333.697.270.000,00"
"2.982.261.924.729.230.000,00","3.774.934.296.317.890.000,00"
"2.417.259.602.715.560.000,00","8.323.381.690.792.570.000,00"
"6.919.934.458.603.420.000,00","5.221.477.261.137.730.000,00"
"1.304.060.667.802.910.000,00","8.910.044.610.131.880.000,00"
"3.176.216.614.277.380.000,00","10.299.238.867.295.900.000,00"
"5.537.888.943.901.090.000,00","8.259.820.357.460.380.000,00"
"3.812.344.221.467.090.000,00","10.471.026.611.696.500.000,00"
"-933.846.776.706.766.000,00","5.826.330.178.485.610.000,00"
"5.041.349.430.664.990.000,00","4.989.162.017.737.560.000,00"
"2.619.928.234.518.770.000,00","6.070.663.114.922.580.000,00"
"687.545.096.773.605.000,00","10.695.375.637.988.600.000,00"
"933.635.484.058.290.000,00","8.298.760.683.624.720.000,00"
"3.030.692.746.329.610.000,00","7.496.675.254.691.050.000,00"
"4.118.763.274.690.210.000,00","7.829.593.217.062.720.000,00"
"3.093.232.651.219.920.000,00","9.603.400.523.547.530.000,00"
"4.927.898.316.375.190.000,00","8.259.873.808.507.030.000,00"
"2.947.039.920.162.480.000,00","11.697.076.842.901.700.000,00"
"5.523.141.675.414.810.000,00","6.329.528.496.015.500.000,00"
"-272.828.899.595.848.000,00","6.017.143.356.896.380.000,00"
"3.899.513.354.568.890.000,00","6.250.563.647.199.420.000,00"
"7.599.988.231.908.750.000,00","4.915.328.161.571.340.000,00"
"7.888.818.778.716.950.000,00","3.479.218.409.158.590.000,00"
"1.873.657.266.804.820.000,00","8.303.916.987.734.240.000,00"
"2.710.189.429.460.650.000,00","10.235.142.739.756.000.000,00"
"2.000.948.528.547.090.000,00","7.022.404.290.839.750.000,00"
"2.734.652.129.129.390.000,00","10.010.099.822.601.700.000,00"
"3.763.833.237.899.620.000,00","4.094.555.908.796.150.000,00"
"3.616.406.176.661.340.000,00","3.097.090.272.800.950.000,00"
"3.730.287.298.709.710.000,00","11.828.127.417.819.800.000,00"
"4.852.832.981.788.510.000,00","6.428.219.434.453.160.000,00"
"7.137.413.211.648.240.000,00","4.696.746.568.041.940.000,00"
"304.026.053.358.717.000,00","8.657.680.309.732.570.000,00"
"-735.101.683.885.570.000,00","8.525.234.526.705.470.000,00"
"3.962.510.311.835.110.000,00","9.964.923.907.795.290.000,00"
"1.925.619.702.188.100.000,00","9.357.296.913.338.040.000,00"
"-2.054.734.506.010.680.000,00","6.629.650.685.989.930.000,00"
"2.170.340.780.317.660.000,00","9.752.089.494.710.430.000,00"
"387.912.169.269.500.000,00","10.777.370.766.169.500.000,00"
"2.045.378.014.766.920.000,00","6.347.775.774.971.460.000,00"
"4.109.171.258.034.350.000,00","7.245.093.947.278.600.000,00"
"6.473.392.032.671.710.000,00","5.812.760.643.190.210.000,00"
"3.884.960.919.875.320.000,00","11.190.611.362.492.700.000,00"
"4.982.852.241.994.090.000,00","5.526.840.940.090.890.000,00"
"1.994.054.684.924.200.000,00","9.204.470.689.281.310.000,00"
"3.791.696.705.053.540.000,00","3.761.703.024.616.940.000,00"
"4.980.750.469.401.140.000,00","9.962.289.894.046.510.000,00"
"7.908.589.203.039.240.000,00","5.067.781.372.997.310.000,00"
"-14.282.068.231.273.600,00","9.702.827.435.237.240.000,00"
"4.595.207.704.413.180.000,00","6.279.495.215.876.780.000,00"
"3.555.812.597.419.940.000,00","10.804.040.312.533.900.000,00"
"658.908.896.755.871.000,00","8.359.067.594.716.910.000,00"
"-196.597.738.056.930.000,00","9.966.048.245.908.190.000,00"
"4.131.692.767.775.830.000,00","8.553.820.383.496.230.000,00"
"1.524.980.310.229.640.000,00","10.558.734.153.616.100.000,00"
"2.635.721.207.846.800.000,00","8.434.184.917.245.020.000,00"
"1.123.322.465.893.980.000,00","8.262.994.625.827.590.000,00"
"492.502.812.474.080.000,00","7.582.259.803.310.960.000,00"
"4.189.452.242.835.050.000,00","9.887.256.015.538.530.000,00"
"2.907.182.805.179.410.000,00","7.923.016.100.026.960.000,00"
"4.668.048.252.413.440.000,00","4.388.535.388.110.350.000,00"
"4.922.562.354.817.620.000,00","6.847.332.341.300.390.000,00"
"7.043.651.154.029.530.000,00","5.582.099.037.219.080.000,00"
"1.960.060.792.980.560.000,00","10.289.216.780.975.300.000,00"
"4.259.951.155.635.910.000,00","8.491.315.358.334.650.000,00"
"5.983.635.787.940.230.000,00","5.852.222.191.240.210.000,00"
"2.683.069.011.357.550.000,00","6.563.390.091.881.460.000,00"
"1.404.743.960.754.110.000,00","10.366.300.480.472.400.000,00"
"2.293.856.591.301.280.000,00","9.118.157.305.493.410.000,00"
"2.769.574.706.129.970.000,00","9.500.258.065.199.180.000,00"
"2.341.883.390.646.130.000,00","4.450.586.024.893.340.000,00"
"3.488.312.287.954.790.000,00","3.472.923.579.367.890.000,00"
"1.944.215.287.350.960.000,00","11.170.262.673.420.200.000,00"
"6.980.126.189.090.720.000,00","9.418.257.983.576.380.000,00"
"4.332.742.877.524.880.000,00","3.416.240.933.847.690.000,00"
"3.127.794.871.969.300.000,00","10.635.904.757.933.200.000,00"
"3.057.864.947.835.240.000,00","8.217.409.045.236.260.000,00"
"2.617.883.164.980.370.000,00","9.796.875.678.627.860.000,00"
"2.378.132.667.457.480.000,00","4.426.146.330.382.770.000,00"
"4.920.324.024.395.980.000,00","7.719.124.966.482.110.000,00"
"797.817.128.456.300.000,00","8.673.774.305.552.840.000,00"
"3.021.140.629.181.090.000,00","9.894.908.233.222.260.000,00"
"701.743.710.100.453.000,00","9.522.353.418.782.660.000,00"
"2.982.817.823.257.520.000,00","3.845.116.520.399.840.000,00"
"2.433.725.552.821.860.000,00","6.554.993.457.148.300.000,00"
"5.003.196.671.199.230.000,00","7.185.318.085.270.670.000,00"
"3.276.975.008.695.400.000,00","8.547.424.811.055.250.000,00"
"979.741.006.334.186.000,00","8.521.494.124.467.120.000,00"
"4.731.171.425.632.140.000,00","7.213.978.194.894.230.000,00"
"-1.313.675.198.892.650.000,00","9.499.471.384.938.490.000,00"
"6.798.457.806.231.210.000,00","4.148.929.425.505.530.000,00"
"-762.927.632.423.974.000,00","6.191.278.409.203.240.000,00"
"1.109.223.340.217.450.000,00","9.255.650.971.485.290.000,00"
"3.033.338.086.740.950.000,00","4.988.687.310.578.410.000,00"
"3.664.002.870.363.450.000,00","5.707.266.892.850.870.000,00"
"3.214.402.389.384.430.000,00","10.793.577.730.287.100.000,00"
"2.406.256.966.235.120.000,00","5.830.716.900.185.180.000,00"
"6.839.462.195.394.550.000,00","3.836.733.480.511.920.000,00"
"-1.401.744.671.298.700.000,00","8.723.448.004.759.580.000,00"
"590.764.975.379.235.000,00","7.877.877.015.941.520.000,00"
"-1.115.831.410.495.760.000,00","10.532.549.176.295.300.000,00"
"5.380.946.907.318.470.000,00","6.683.288.362.276.770.000,00"
"1.644.129.611.761.180.000,00","8.332.313.498.304.590.000,00"
"6.400.727.878.170.090.000,00","6.430.008.502.610.650.000,00"
"3.990.847.039.491.380.000,00","4.995.973.194.702.880.000,00"
"2.003.387.467.717.550.000,00","8.208.468.561.647.890.000,00"
"9.890.482.557.391.710.000,00","7.861.920.018.205.330.000,00"
"2.555.754.499.577.930.000,00","9.360.108.699.770.370.000,00"
"3.566.003.072.696.100.000,00","7.732.376.197.556.800.000,00"
"163.895.781.213.392.000,00","11.181.378.335.720.300.000,00"
"4.269.639.004.375.100.000,00","4.252.165.582.667.530.000,00"
"5.565.077.548.736.550.000,00","4.928.335.234.616.120.000,00"
"2.383.920.858.450.700.000,00","9.881.747.585.648.290.000,00"
"5.497.850.674.448.730.000,00","7.181.403.138.558.730.000,00"
"7.258.640.697.004.510.000,00","6.271.176.437.260.250.000,00"
"2.250.087.678.906.460.000,00","5.947.953.029.449.580.000,00"
"4.258.686.571.165.860.000,00","7.705.505.204.840.970.000,00"
"-104.074.730.372.453.000,00","7.167.862.082.155.350.000,00"
"4.769.252.444.061.010.000,00","7.246.610.651.992.670.000,00"
"4.775.342.278.578.780.000,00","9.497.322.844.586.350.000,00"
"1.930.107.750.156.460.000,00","9.031.257.037.557.720.000,00"
"3.752.925.604.091.400.000,00","6.903.238.537.155.840.000,00"
"3.684.738.308.745.120.000,00","5.884.795.361.733.000.000,00"
"2.241.490.034.500.170.000,00","8.724.471.321.922.760.000,00"
"4.991.005.797.878.630.000,00","6.062.278.608.800.380.000,00"
"3.336.716.830.118.360.000,00","7.370.245.615.703.700.000,00"
"3.376.761.195.704.940.000,00","4.996.445.034.752.450.000,00"
"1.995.826.461.101.030.000,00","6.134.867.983.331.310.000,00"
"-447.430.309.003.038.000,00","7.912.793.072.594.580.000,00"
"6.528.769.222.401.180.000,00","9.686.153.267.400.800.000,00"
"6.210.728.189.038.610.000,00","5.921.328.258.920.640.000,00"
"2.496.899.762.293.120.000,00","8.654.502.420.486.670.000,00"
"6.831.999.965.291.510.000,00","7.728.904.469.663.370.000,00"
"3.267.778.378.733.610.000,00","10.312.553.695.271.100.000,00"
"5.329.719.497.029.850.000,00","2.603.900.923.358.610.000,00"
"3.623.026.669.973.070.000,00","8.445.880.714.870.810.000,00"
"9.622.452.371.368.120.000,00","6.672.534.900.785.840.000,00"
"4.180.135.475.840.160.000,00","8.589.819.878.807.410.000,00"
"6.314.760.634.326.120.000,00","5.665.391.580.105.710.000,00"
"1.762.400.975.115.940.000,00","9.569.849.744.012.700.000,00"
"5.381.148.063.300.220.000,00","6.073.278.285.120.070.000,00"
"4.111.809.475.200.030.000,00","6.840.544.776.680.560.000,00"
"-1.277.296.617.809.990.000,00","9.942.960.450.929.330.000,00"
"634.046.331.068.342.000,00","9.680.943.482.353.870.000,00"
"2.641.263.238.779.700.000,00","6.062.932.328.661.300.000,00"
"2.814.689.509.604.530.000,00","6.996.654.133.520.410.000,00"
"5.676.358.371.242.860.000,00","6.497.963.673.699.250.000,00"
"4.242.757.388.668.460.000,00","6.245.707.063.624.310.000,00"
"2.714.977.267.478.460.000,00","7.067.436.569.000.550.000,00"
"-416.036.242.489.727.000,00","6.986.709.020.612.120.000,00"
"-252.713.635.415.614.000,00","7.882.153.629.340.480.000,00"
"4.645.148.010.445.490.000,00","11.839.822.388.488.900.000,00"
"4.066.790.071.889.270.000,00","5.555.993.542.571.390.000,00"
"1.175.821.194.563.630.000,00","6.250.880.563.394.840.000,00"
"1.556.938.209.915.480.000,00","7.780.550.046.751.130.000,00"
"2.674.230.206.529.530.000,00","9.539.759.333.849.130.000,00"
"1.992.865.878.753.590.000,00","8.626.603.164.586.290.000,00"
"4.907.403.956.825.320.000,00","8.432.346.312.833.670.000,00"
"735.712.766.210.530.000,00","7.350.658.425.463.890.000,00"
"4.990.777.648.220.810.000,00","2.500.895.418.768.530.000,00"
"5.689.299.665.652.940.000,00","6.303.456.413.905.840.000,00"
"2.655.077.862.859.740.000,00","11.817.328.763.014.500.000,00"
"2.607.836.762.330.570.000,00","7.455.782.042.079.810.000,00"
"1.862.716.269.903.990.000,00","2.831.657.497.861.800.000,00"
"2.084.308.809.882.900.000,00","11.755.772.304.701.200.000,00"
"2.497.213.298.690.320.000,00","10.164.889.693.114.700.000,00"
"2.039.934.561.474.540.000,00","9.763.972.633.107.380.000,00"
"8.319.932.234.963.970.000,00","6.664.027.105.573.430.000,00"
"3.050.333.789.280.020.000,00","12.645.622.476.812.400.000,00"
"5.040.692.117.534.470.000,00","5.619.616.144.162.730.000,00"
"6.823.327.794.629.650.000,00","8.849.497.889.728.090.000,00"
"744.714.279.404.882.000,00","7.357.286.003.714.350.000,00"
"5.350.826.245.399.820.000,00","3.445.900.926.384.290.000,00"
"5.668.281.862.569.730.000,00","6.959.590.362.738.450.000,00"
"3.168.178.470.035.180.000,00","11.727.720.510.668.100.000,00"
"4.669.857.122.498.880.000,00","2.174.736.814.462.880.000,00"
"2.748.421.169.490.720.000,00","9.387.812.851.192.570.000,00"
"-55.244.633.767.972.800,00","9.836.512.578.787.290.000,00"
"5.560.451.839.123.720.000,00","7.428.457.178.979.700.000,00"
"2.437.008.027.108.100.000,00","9.391.571.728.115.410.000,00"
"7.169.121.838.100.180.000,00","4.506.959.836.986.980.000,00"
"2.359.356.658.656.040.000,00","3.056.760.603.530.080.000,00"
"2.551.980.224.826.810.000,00","8.600.132.169.716.690.000,00"
"3.569.326.500.241.370.000,00","9.932.531.614.212.080.000,00"
"6.805.770.861.102.370.000,00","3.750.306.332.351.460.000,00"
"6.565.375.362.710.480.000,00","3.755.508.965.619.400.000,00"
"6.120.118.393.555.410.000,00","5.289.348.518.088.220.000,00"
"6.703.348.397.929.340.000,00","6.580.630.528.669.210.000,00"
"4.318.751.921.980.790.000,00","4.972.470.402.915.050.000,00"
"5.921.725.262.384.230.000,00","10.096.284.098.391.000.000,00"
"763.736.339.687.994.000,00","8.208.017.139.877.380.000,00"
"-283.510.388.622.309.000,00","9.277.731.142.064.690.000,00"
"3.479.190.494.255.090.000,00","8.193.988.484.952.560.000,00"
"-994.361.715.441.316.000,00","5.625.729.325.779.480.000,00"
"5.113.493.131.718.910.000,00","7.410.844.786.103.490.000,00"
"4.698.164.923.546.380.000,00","7.269.587.398.856.880.000,00"
"8.331.066.738.390.310.000,00","5.450.651.252.778.130.000,00"
"2.774.081.317.013.060.000,00","8.136.961.603.488.600.000,00"
"-474.063.066.486.725.000,00","8.134.025.775.304.140.000,00"
"8.114.901.521.411.320.000,00","8.523.963.373.921.970.000,00"
"3.457.734.351.116.030.000,00","11.183.797.371.451.300.000,00"
"2.227.934.770.993.520.000,00","9.638.348.438.146.930.000,00"
"5.622.424.499.413.630.000,00","4.755.242.269.502.580.000,00"
"5.821.780.502.736.030.000,00","4.440.586.923.618.310.000,00"
"3.723.695.033.162.630.000,00","4.763.979.026.364.770.000,00"
"2.326.325.473.367.020.000,00","12.354.143.213.558.300.000,00"
"3.948.549.490.723.270.000,00","7.914.403.748.329.160.000,00"
"4.706.394.908.844.980.000,00","4.499.612.970.371.380.000,00"
"2.753.636.327.951.810.000,00","9.949.547.750.850.680.000,00"
"6.342.926.352.090.200.000,00","8.198.812.558.941.430.000,00"
"4.877.857.337.835.670.000,00","3.739.733.732.802.720.000,00"
"2.046.447.695.540.790.000,00","2.870.391.439.825.110.000,00"
"3.669.053.371.001.280.000,00","6.517.706.837.548.700.000,00"
"4.750.039.194.678.420.000,00","7.687.349.169.055.060.000,00"
"-37.748.495.148.083.900,00","12.513.922.470.159.600.000,00"
"2.716.711.729.254.270.000,00","8.090.133.012.231.090.000,00"
"6.696.075.625.052.380.000,00","7.439.901.686.249.550.000,00"
"332.440.576.890.966.000,00","9.516.207.441.767.450.000,00"
"6.864.054.209.712.310.000,00","3.829.158.712.345.170.000,00"
"1.210.024.660.752.830.000,00","8.022.640.596.175.140.000,00"
"-310.319.428.618.067.000,00","5.697.399.999.807.500.000,00"
"4.469.240.339.263.800.000,00","5.811.845.427.674.280.000,00"
"2.333.542.664.905.580.000,00","8.276.219.432.160.830.000,00"
"1.955.265.624.245.410.000,00","11.268.391.425.705.800.000,00"
"4.762.643.933.375.950.000,00","6.329.171.685.569.780.000,00"
"3.587.879.869.327.470.000,00","5.317.169.087.943.630.000,00"
"8.045.301.684.712.170.000,00","3.693.685.949.626.140.000,00"
"1.137.361.036.472.900.000,00","9.904.489.178.549.520.000,00"
"5.506.162.457.747.940.000,00","2.837.483.433.772.060.000,00"
"912.373.031.641.667.000,00","11.194.045.680.222.500.000,00"
"1.777.356.274.191.060.000,00","8.473.476.049.649.220.000,00"
"7.389.501.411.194.410.000,00","4.882.483.381.951.620.000,00"
"7.688.302.438.870.200.000,00","6.204.413.146.962.340.000,00"
"7.084.345.109.207.180.000,00","7.011.863.439.942.710.000,00"
"2.756.853.103.420.200.000,00","9.631.947.757.000.600.000,00"
"4.113.959.649.255.430.000,00","3.224.887.598.121.930.000,00"
"6.491.422.834.486.800.000,00","2.849.435.480.731.400.000,00"
"7.582.399.050.341.100.000,00","9.504.370.389.807.800.000,00"